"year","ASL","X1","X2","Regione","Macro_Area"
"2018","AL",1.57998356477663,0.487187206292359,"Piemonte","North-West"
"2018","AS FRIULI OCCIDENTALE",-0.424241600574036,-4.5329785902898,"Friuli-Venezia Giulia","North-East"
"2018","ASL AVELLINO",0.786853449973974,2.02895641057324,"Campania","South"
"2018","ASL BA",-0.428494060245368,0.0114461690020978,"Puglia","South"
"2018","ASL BAT",-0.0952996398300841,-0.104269188950486,"Puglia","South"
"2018","ASL BENEVENTO",0.728165925894906,2.09714916965706,"Campania","South"
"2018","ASL BR",-0.372731722447879,0.134479662636461,"Puglia","South"
"2018","ASL CASERTA",0.876509594252706,3.5702456052067,"Campania","South"
"2018","ASL CITTA' DI TORINO",4.13412171541038,0.207953806342112,"Piemonte","North-West"
"2018","ASL FG",-0.544079312551971,0.115245565409134,"Puglia","South"
"2018","ASL LE",-0.411834400023577,0.245142116884585,"Puglia","South"
"2018","ASL N 1 DI SASSARI",-0.410210008620072,-0.984878694802318,"Sardegna","Islands"
"2018","ASL N 2 DELLA GALLURA",-1.34500885472454,-0.316065825001968,"Sardegna","Islands"
"2018","ASL N 3 DI NUORO",-0.410195766191461,-2.21887686201404,"Sardegna","Islands"
"2018","ASL N 5 DI ORISTANO",0.187440622044287,-0.10487572512472,"Sardegna","Islands"
"2018","ASL N 6 DEL MEDIO CAMPIDANO",-2.12506082017671,0.0281770304999141,"Sardegna","Islands"
"2018","ASL N 7 DEL SULCIS",-2.1177392337453,-1.61970029088217,"Sardegna","Islands"
"2018","ASL N 8 DI CAGLIARI",-1.20750498887557,-2.18025159113043,"Sardegna","Islands"
"2018","ASL NAPOLI 1 CENTRO",1.64612114997434,2.84152247505632,"Campania","South"
"2018","ASL NAPOLI 2 NORD",1.84471993514804,2.55872576860559,"Campania","South"
"2018","ASL NAPOLI 3 SUD",1.62271604425582,2.30413673236521,"Campania","South"
"2018","ASL SALERNO",0.856258813737695,2.26276217509707,"Campania","South"
"2018","ASL TA",-0.196414516027432,0.207348681811366,"Puglia","South"
"2018","ASP AGRIGENTO",0.862198321053336,2.06553532827242,"Sicilia","Islands"
"2018","ASP CALTANISSETTA",1.52157525784459,1.97017705085465,"Sicilia","Islands"
"2018","ASP CATANIA",0.899120281245981,2.70989819591564,"Sicilia","Islands"
"2018","ASP CATANZARO",-0.371880815298105,1.46656893690861,"Calabria","South"
"2018","ASP COSENZA",0.061017421149517,2.04109254466407,"Calabria","South"
"2018","ASP CROTONE",0.145776266833695,1.89739389510164,"Calabria","South"
"2018","ASP DI TRAPANI",0.605857778019204,1.49958177571279,"Sicilia","Islands"
"2018","ASP ENNA",0.80296294628001,1.93020965603258,"Sicilia","Islands"
"2018","ASP MESSINA",0.574722593942711,2.25938136402806,"Sicilia","Islands"
"2018","ASP PALERMO",0.80666175713381,2.04436561353977,"Sicilia","Islands"
"2018","ASP RAGUSA",1.52877785741174,1.0784223430797,"Sicilia","Islands"
"2018","ASP REGGIO CALABRIA",-0.0877901164998971,1.4356576224,"Calabria","South"
"2018","ASP SIRACUSA",1.36161658587445,1.34841338499827,"Sicilia","Islands"
"2018","ASP VIBO VALENTIA",-0.129013802844877,1.31413177018633,"Calabria","South"
"2018","ASREM",-0.704838379705165,1.40280317639445,"Molise","South"
"2018","AST1 DI PESARO E URBINO",0.569793227267959,1.40621303210613,"Marche","Centre"
"2018","AST2 DI ANCONA",0.210340204647072,0.080729662809381,"Marche","Centre"
"2018","AST3 DI MACERATA",-1.19710943294736,-0.0876962335960488,"Marche","Centre"
"2018","AST4 DI FERMO",-0.333800132097862,1.23655006151784,"Marche","Centre"
"2018","AST5 DI ASCOLI PICENO",0.181302381637537,0.999208890130897,"Marche","Centre"
"2018","ASU FRIULI CENTRALE",0.524390603889919,-3.81782027642537,"Friuli-Venezia Giulia","North-East"
"2018","ASU GIULIANO ISONTINA",0.787198689276314,-3.33796601142652,"Friuli-Venezia Giulia","North-East"
"2018","AT",2.26107162528366,0.839482325547959,"Piemonte","North-West"
"2018","ATS DELL'INSUBRIA",1.45860268801028,-1.73777703897669,"Lombardia","North-West"
"2018","ATS DELLA BRIANZA",1.54970683629665,-1.13176914000959,"Lombardia","North-West"
"2018","ATS DELLA CITTA' METROPOLITANA DI MILANO",1.24574466889736,-1.27467488312354,"Lombardia","North-West"
"2018","ATS DELLA MONTAGNA",1.02416642542902,-1.21067704880543,"Lombardia","North-West"
"2018","ATS DELLA VAL PADANA",0.0546301255960755,-1.75656757939356,"Lombardia","North-West"
"2018","ATS DI BERGAMO",0.344025382058047,-1.15484006716613,"Lombardia","North-West"
"2018","ATS DI BRESCIA",-0.0794908724722431,-1.97807808948704,"Lombardia","North-West"
"2018","ATS DI PAVIA",1.65231830781268,-1.03429309969066,"Lombardia","North-West"
"2018","AUSL UMBRIA N 1",-1.74228990258111,-0.47489626094782,"Umbria","Centre"
"2018","AUSL UMBRIA N 2",-1.72252037436162,-0.0123187711401238,"Umbria","Centre"
"2018","AVEZZANO SULMONA L'AQUILA",-1.51714667659489,1.74068889060189,"Abruzzo","South"
"2018","AZIENDA SANITARIA DELLA PA DI BOLZANO",-1.21815808809914,-2.68326977534484,"Trentino-Alto Adige","North-East"
"2018","AZIENDA SANITARIA LOCALE DI MATERA ASM",-0.0427787951262586,1.09405818010891,"Basilicata","South"
"2018","AZIENDA SANITARIA LOCALE DI POTENZA ASP",-0.264562717232514,0.949638852395119,"Basilicata","South"
"2018","AZIENDA ULSS N 1 DOLOMITI",-0.624937495990239,-3.35431715200668,"Veneto","North-East"
"2018","AZIENDA ULSS N 2 MARCA TREVIGIANA",-0.666832024173024,-4.07196049513226,"Veneto","North-East"
"2018","AZIENDA ULSS N 3 SERENISSIMA",-1.87915707632365,-3.61397055737179,"Veneto","North-East"
"2018","AZIENDA ULSS N 4 VENETO ORIENTALE",0.820840342935881,-4.68449155237358,"Veneto","North-East"
"2018","AZIENDA ULSS N 5 POLESANA",-2.65569868915052,-2.0380094390807,"Veneto","North-East"
"2018","AZIENDA ULSS N 6 EUGANEA",-1.27113360288537,-3.34927752447378,"Veneto","North-East"
"2018","AZIENDA ULSS N 7 PEDEMONTANA",-1.24769383000229,-3.27045924052442,"Veneto","North-East"
"2018","AZIENDA ULSS N 8 BERICA",-0.811352571706171,-3.19486568253173,"Veneto","North-East"
"2018","AZIENDA ULSS N 9 SCALIGERA",-1.3643000371834,-2.41606615231613,"Veneto","North-East"
"2018","AZIENDA USL BOLOGNA",-1.83476422278541,-0.778698610128234,"Emilia-Romagna","North-East"
"2018","AZIENDA USL DELLA ROMAGNA",-1.92534977240338,-0.56150508561917,"Emilia-Romagna","North-East"
"2018","AZIENDA USL FERRARA",-2.73362793861493,-2.09297931876106,"Emilia-Romagna","North-East"
"2018","AZIENDA USL IMOLA",-1.4079799677036,-0.538626440883549,"Emilia-Romagna","North-East"
"2018","AZIENDA USL MODENA",-0.718737676746101,-1.77146228774541,"Emilia-Romagna","North-East"
"2018","AZIENDA USL PARMA",-0.184273641326735,-1.96956824166305,"Emilia-Romagna","North-East"
"2018","AZIENDA USL PIACENZA",0.785173875017465,-1.2574969548791,"Emilia-Romagna","North-East"
"2018","AZIENDA USL REGGIO EMILIA",-0.4928835514362,-1.95756391250257,"Emilia-Romagna","North-East"
"2018","AZIENDA USL TOSCANA CENTRO",-1.62392673320639,0.399554340774033,"Toscana","Centre"
"2018","AZIENDA USL TOSCANA NORD OVEST",-1.12243470471564,0.497261714162727,"Toscana","Centre"
"2018","AZIENDA USL TOSCANA SUD EST",-2.39444263287544,0.65926169322918,"Toscana","Centre"
"2018","AZIENDA USL VALLE D'AOSTA",2.84710188314943,-0.42410236194625,"Valle d'Aosta","North-West"
"2018","BI",3.07624013894789,-1.83083623180016,"Piemonte","North-West"
"2018","CHIAVARESE",0.876712936454373,0.781609322117346,"Liguria","North-West"
"2018","CN1",3.63702868975928,0.549234336496872,"Piemonte","North-West"
"2018","CN2",3.41854637188481,0.451494259149831,"Piemonte","North-West"
"2018","FROSINONE",-1.56665894781857,2.0171719630004,"Lazio","Centre"
"2018","GENOVESE",1.47087009493515,0.449148978452431,"Liguria","North-West"
"2018","IMPERIESE",1.20022164214166,1.23584844035752,"Liguria","North-West"
"2018","LANCIANO VASTO CHIETI",-0.791124230229005,0.845437084358042,"Abruzzo","South"
"2018","LATINA",-1.44425566668561,3.30940701068425,"Lazio","Centre"
"2018","NO",2.0654531926785,-2.50760333011593,"Piemonte","North-West"
"2018","PESCARA",-0.503187789840215,0.728252886912968,"Abruzzo","South"
"2018","RIETI",-2.42631004948111,1.09915121369805,"Lazio","Centre"
"2018","ROMA 1",-2.93436307721877,2.27059157008451,"Lazio","Centre"
"2018","ROMA 2",-2.77905523757046,3.05619355766097,"Lazio","Centre"
"2018","ROMA 3",-2.87356435297039,3.00956989474037,"Lazio","Centre"
"2018","ROMA 4",-3.53131576129263,1.96698373742682,"Lazio","Centre"
"2018","ROMA 5",-1.7404088762474,2.62291295588162,"Lazio","Centre"
"2018","ROMA 6",-1.98541709307786,2.74274809394695,"Lazio","Centre"
"2018","SAVONESE",1.45104236047167,0.427981096837894,"Liguria","North-West"
"2018","SPEZZINO",-0.600447436922444,0.85435390813688,"Liguria","North-West"
"2018","TERAMO",-0.566470308250325,0.942727942726366,"Abruzzo","South"
"2018","TO3",3.71434757947443,0.400707383073826,"Piemonte","North-West"
"2018","TO4",3.10768195803715,-0.205190746647663,"Piemonte","North-West"
"2018","TO5",3.61163144700721,-0.185550358313017,"Piemonte","North-West"
"2018","TRENTO",-1.57310296685892,-2.41766058164588,"Trentino-Alto Adige","North-East"
"2018","VC",2.19245635974451,-1.62819430915045,"Piemonte","North-West"
"2018","VCO",2.76384926418863,-1.92485669300492,"Piemonte","North-West"
"2018","VITERBO",-2.56026419160116,0.571569791690596,"Lazio","Centre"
"2019","AL",2.1478578064614,0.435966544732681,"Piemonte","North-West"
"2019","AS FRIULI OCCIDENTALE",-0.666776336416009,-5.70561808267314,"Friuli-Venezia Giulia","North-East"
"2019","ASL AVELLINO",1.14875495711994,2.52591361934039,"Campania","South"
"2019","ASL BA",-0.30518588354346,0.312502469175931,"Puglia","South"
"2019","ASL BAT",-0.277630191226614,0.352713630782286,"Puglia","South"
"2019","ASL BENEVENTO",0.735765502663283,3.13332943407449,"Campania","South"
"2019","ASL BR",0.457081077869457,0.570878915156189,"Puglia","South"
"2019","ASL CASERTA",0.957375724708547,4.23695161291636,"Campania","South"
"2019","ASL CITTA' DI TORINO",5.47358752878057,0.654262669803682,"Piemonte","North-West"
"2019","ASL FG",-0.502708585910234,0.578966732896305,"Puglia","South"
"2019","ASL LE",-0.0448006911431665,0.278005040127006,"Puglia","South"
"2019","ASL N 1 DI SASSARI",-2.4193413024512,-2.26758482147364,"Sardegna","Islands"
"2019","ASL N 2 DELLA GALLURA",-0.221501556419585,0.43237773875373,"Sardegna","Islands"
"2019","ASL N 3 DI NUORO",-0.923805075848326,-1.41857352503942,"Sardegna","Islands"
"2019","ASL N 5 DI ORISTANO",-1.21233327516037,-1.80590841844543,"Sardegna","Islands"
"2019","ASL N 6 DEL MEDIO CAMPIDANO",-1.40796369326677,0.0808360824106871,"Sardegna","Islands"
"2019","ASL N 7 DEL SULCIS",-1.61149572072894,-1.93085852204532,"Sardegna","Islands"
"2019","ASL N 8 DI CAGLIARI",-1.74408154380513,-3.54248067361138,"Sardegna","Islands"
"2019","ASL NAPOLI 1 CENTRO",1.93931903585835,3.38215233722644,"Campania","South"
"2019","ASL NAPOLI 2 NORD",2.88518912692366,3.73644797253727,"Campania","South"
"2019","ASL NAPOLI 3 SUD",1.74972508705675,2.66491952040017,"Campania","South"
"2019","ASL SALERNO",0.95621750597825,2.11219382283776,"Campania","South"
"2019","ASL TA",0.367086001313805,0.368949722894437,"Puglia","South"
"2019","ASP AGRIGENTO",0.807022526067923,1.45510089851458,"Sicilia","Islands"
"2019","ASP CALTANISSETTA",1.71699757300208,1.90073740976235,"Sicilia","Islands"
"2019","ASP CATANIA",0.334150358271028,3.23363142605086,"Sicilia","Islands"
"2019","ASP CATANZARO",-0.0640970421518385,1.023997551688,"Calabria","South"
"2019","ASP COSENZA",0.282994227944528,1.91543438891379,"Calabria","South"
"2019","ASP CROTONE",0.495312312928362,1.78600836893519,"Calabria","South"
"2019","ASP DI TRAPANI",1.48461196740898,1.1060632327016,"Sicilia","Islands"
"2019","ASP ENNA",0.881842354571154,2.71953225925953,"Sicilia","Islands"
"2019","ASP MESSINA",0.239283134082207,2.28661423626818,"Sicilia","Islands"
"2019","ASP PALERMO",1.38709507014412,1.38218754098978,"Sicilia","Islands"
"2019","ASP RAGUSA",1.22307812350895,0.964775574366579,"Sicilia","Islands"
"2019","ASP REGGIO CALABRIA",0.525859530978317,1.65006521900744,"Calabria","South"
"2019","ASP SIRACUSA",2.5057217061946,2.65546656374033,"Sicilia","Islands"
"2019","ASP VIBO VALENTIA",-0.0053222595447011,1.7021369923751,"Calabria","South"
"2019","ASREM",-1.24296913915519,1.42147737055905,"Molise","South"
"2019","AST1 DI PESARO E URBINO",0.0736275500248584,1.19912335919492,"Marche","Centre"
"2019","AST2 DI ANCONA",-1.30545497016709,0.177154091176858,"Marche","Centre"
"2019","AST3 DI MACERATA",-1.41255688324241,-0.160845007041872,"Marche","Centre"
"2019","AST4 DI FERMO",-1.81201315098196,1.04417238365125,"Marche","Centre"
"2019","AST5 DI ASCOLI PICENO",-0.594096789964107,0.0734236941665951,"Marche","Centre"
"2019","ASU FRIULI CENTRALE",0.59218748614487,-4.67811678138366,"Friuli-Venezia Giulia","North-East"
"2019","ASU GIULIANO ISONTINA",0.442752251400323,-5.32871948255512,"Friuli-Venezia Giulia","North-East"
"2019","AT",3.28728523284414,1.52544393373008,"Piemonte","North-West"
"2019","ATS DELL'INSUBRIA",1.80292887078639,-1.52703099419227,"Lombardia","North-West"
"2019","ATS DELLA BRIANZA",1.55623590180286,-1.10170245579891,"Lombardia","North-West"
"2019","ATS DELLA CITTA' METROPOLITANA DI MILANO",1.6280188175567,-0.887167801791906,"Lombardia","North-West"
"2019","ATS DELLA MONTAGNA",0.995561200219117,-2.05214239856204,"Lombardia","North-West"
"2019","ATS DELLA VAL PADANA",0.283824030030213,-2.77049589297645,"Lombardia","North-West"
"2019","ATS DI BERGAMO",1.03570654462834,-1.17542322597103,"Lombardia","North-West"
"2019","ATS DI BRESCIA",0.0744138807941851,-2.76623638023672,"Lombardia","North-West"
"2019","ATS DI PAVIA",1.7616568400139,-1.03632339759718,"Lombardia","North-West"
"2019","AUSL UMBRIA N 1",-2.83626476772703,0.270279367705258,"Umbria","Centre"
"2019","AUSL UMBRIA N 2",-3.05958402070148,0.288224642390127,"Umbria","Centre"
"2019","AVEZZANO SULMONA L'AQUILA",-2.06604577684341,2.33246444281153,"Abruzzo","South"
"2019","AZIENDA SANITARIA DELLA PA DI BOLZANO",-0.800946795121281,-3.19253120815859,"Trentino-Alto Adige","North-East"
"2019","AZIENDA SANITARIA LOCALE DI MATERA ASM",-0.206220142002419,0.99399916174101,"Basilicata","South"
"2019","AZIENDA SANITARIA LOCALE DI POTENZA ASP",-0.265817818796963,1.69799699929825,"Basilicata","South"
"2019","AZIENDA ULSS N 1 DOLOMITI",-1.41924873485334,-4.37427986521288,"Veneto","North-East"
"2019","AZIENDA ULSS N 2 MARCA TREVIGIANA",-1.58627489027144,-5.00200796067228,"Veneto","North-East"
"2019","AZIENDA ULSS N 3 SERENISSIMA",-3.05031624052888,-4.98845467688966,"Veneto","North-East"
"2019","AZIENDA ULSS N 4 VENETO ORIENTALE",-0.36221234120592,-5.32278541517814,"Veneto","North-East"
"2019","AZIENDA ULSS N 5 POLESANA",-2.60810980400793,-2.524527408519,"Veneto","North-East"
"2019","AZIENDA ULSS N 6 EUGANEA",-1.83733583765085,-3.42260602119083,"Veneto","North-East"
"2019","AZIENDA ULSS N 7 PEDEMONTANA",-1.5304511055441,-2.74399449931216,"Veneto","North-East"
"2019","AZIENDA ULSS N 8 BERICA",-1.43193088131,-2.72224348565318,"Veneto","North-East"
"2019","AZIENDA ULSS N 9 SCALIGERA",-0.23940710962382,-2.65109045299375,"Veneto","North-East"
"2019","AZIENDA USL BOLOGNA",-2.41762117197995,-0.73701867765719,"Emilia-Romagna","North-East"
"2019","AZIENDA USL DELLA ROMAGNA",-2.37940279484618,-0.664964798789151,"Emilia-Romagna","North-East"
"2019","AZIENDA USL FERRARA",-2.90620616724138,-1.8654548391791,"Emilia-Romagna","North-East"
"2019","AZIENDA USL IMOLA",-2.53294988202535,-0.41632234906671,"Emilia-Romagna","North-East"
"2019","AZIENDA USL MODENA",-0.540756653061884,-1.76679031913049,"Emilia-Romagna","North-East"
"2019","AZIENDA USL PARMA",0.20814523631426,-1.45931174034367,"Emilia-Romagna","North-East"
"2019","AZIENDA USL PIACENZA",1.49525499018458,-1.87975683653134,"Emilia-Romagna","North-East"
"2019","AZIENDA USL REGGIO EMILIA",-0.35332326534932,-1.86651508328972,"Emilia-Romagna","North-East"
"2019","AZIENDA USL TOSCANA CENTRO",-1.78057190754577,0.478161386825657,"Toscana","Centre"
"2019","AZIENDA USL TOSCANA NORD OVEST",-1.17876224368992,0.597204839301935,"Toscana","Centre"
"2019","AZIENDA USL TOSCANA SUD EST",-3.24230603491228,0.299596799353398,"Toscana","Centre"
"2019","AZIENDA USL VALLE D'AOSTA",5.02412319688936,-0.706591779256476,"Valle d'Aosta","North-West"
"2019","BI",3.47959059790985,-1.90265058734598,"Piemonte","North-West"
"2019","CHIAVARESE",1.33765674120951,0.758891668616758,"Liguria","North-West"
"2019","CN1",5.01265962307884,1.14462523059897,"Piemonte","North-West"
"2019","CN2",5.7115149066219,1.03704114595433,"Piemonte","North-West"
"2019","FROSINONE",-1.52695674343602,2.77554619038378,"Lazio","Centre"
"2019","GENOVESE",1.65458183654983,0.692131315182937,"Liguria","North-West"
"2019","IMPERIESE",1.7859102694517,1.29355674560702,"Liguria","North-West"
"2019","LANCIANO VASTO CHIETI",-1.18730331707747,1.17251902861526,"Abruzzo","South"
"2019","LATINA",-2.11056955189587,3.81669012325443,"Lazio","Centre"
"2019","NO",2.02708980932083,-2.54396481883103,"Piemonte","North-West"
"2019","PESCARA",-1.53879222272068,0.891853928778946,"Abruzzo","South"
"2019","RIETI",-2.39670941262329,1.03808739564531,"Lazio","Centre"
"2019","ROMA 1",-3.46806644256354,2.83478816294885,"Lazio","Centre"
"2019","ROMA 2",-3.00891488559645,3.78717360129547,"Lazio","Centre"
"2019","ROMA 3",-3.80868533004247,3.23550360347101,"Lazio","Centre"
"2019","ROMA 4",-4.71752871246748,1.77167541009388,"Lazio","Centre"
"2019","ROMA 5",-2.47570208457632,2.32171321689612,"Lazio","Centre"
"2019","ROMA 6",-2.75133439765564,3.56979908040147,"Lazio","Centre"
"2019","SAVONESE",1.78221605956874,0.700487182368645,"Liguria","North-West"
"2019","SPEZZINO",0.387577625414178,1.0749894967556,"Liguria","North-West"
"2019","TERAMO",-1.98650236445263,1.13111192003799,"Abruzzo","South"
"2019","TO3",4.55170169616305,0.365726401622354,"Piemonte","North-West"
"2019","TO4",5.25439396232439,-0.187068776837207,"Piemonte","North-West"
"2019","TO5",4.98907616876395,0.641897850021381,"Piemonte","North-West"
"2019","TRENTO",-0.466241340755207,-3.03111324238887,"Trentino-Alto Adige","North-East"
"2019","VC",2.51432519700781,-1.69667011904528,"Piemonte","North-West"
"2019","VCO",2.70477003842836,-2.92001896529177,"Piemonte","North-West"
"2019","VITERBO",-4.30720751745226,0.650311089064388,"Lazio","Centre"
"2020","AL",2.36456634212238,1.09733765298982,"Piemonte","North-West"
"2020","AS FRIULI OCCIDENTALE",-0.486526419781579,-6.06562293548628,"Friuli-Venezia Giulia","North-East"
"2020","ASL AVELLINO",1.17418714404083,3.25583105994451,"Campania","South"
"2020","ASL BA",-0.347781244768447,0.21436265645603,"Puglia","South"
"2020","ASL BAT",-0.515263799609388,0.109482906994153,"Puglia","South"
"2020","ASL BENEVENTO",0.55218279115423,2.48852013464778,"Campania","South"
"2020","ASL BR",-0.031306490395821,0.0293758671616557,"Puglia","South"
"2020","ASL CASERTA",1.10347812527194,4.47522197082601,"Campania","South"
"2020","ASL CITTA' DI TORINO",5.58164861485308,0.188596090647821,"Piemonte","North-West"
"2020","ASL FG",-0.56875208356157,0.535353437592101,"Puglia","South"
"2020","ASL LE",-0.180270052312129,0.045417687588268,"Puglia","South"
"2020","ASL N 1 DI SASSARI",-2.39592882277514,-2.6697059744261,"Sardegna","Islands"
"2020","ASL N 2 DELLA GALLURA",-0.937056617322539,-0.77616200001958,"Sardegna","Islands"
"2020","ASL N 3 DI NUORO",-1.52837008626673,-2.48372307373203,"Sardegna","Islands"
"2020","ASL N 5 DI ORISTANO",-0.863452136922928,-3.6166915286113,"Sardegna","Islands"
"2020","ASL N 6 DEL MEDIO CAMPIDANO",-0.753479347310492,-2.40643415712362,"Sardegna","Islands"
"2020","ASL N 7 DEL SULCIS",-1.30770706335205,-3.21505741185643,"Sardegna","Islands"
"2020","ASL N 8 DI CAGLIARI",-2.48843565430052,-4.80518839158789,"Sardegna","Islands"
"2020","ASL NAPOLI 1 CENTRO",1.89660635788383,3.69222733673325,"Campania","South"
"2020","ASL NAPOLI 2 NORD",2.92956951560812,3.71221651485415,"Campania","South"
"2020","ASL NAPOLI 3 SUD",2.27085365889529,3.21896336466664,"Campania","South"
"2020","ASL SALERNO",1.14478241451183,3.10831688137422,"Campania","South"
"2020","ASL TA",-0.440731444150805,0.114780200320694,"Puglia","South"
"2020","ASP AGRIGENTO",1.57263460508932,1.64237944065641,"Sicilia","Islands"
"2020","ASP CALTANISSETTA",1.2841035927948,1.97477344106982,"Sicilia","Islands"
"2020","ASP CATANIA",0.823375399916983,2.90623423913795,"Sicilia","Islands"
"2020","ASP CATANZARO",-0.0738116375006477,2.41409110510816,"Calabria","South"
"2020","ASP COSENZA",-0.285893426349716,2.24711891200594,"Calabria","South"
"2020","ASP CROTONE",0.125475523199287,2.31592610631162,"Calabria","South"
"2020","ASP DI TRAPANI",1.22676523610217,0.704561238237234,"Sicilia","Islands"
"2020","ASP ENNA",0.507967903433357,2.77017810575719,"Sicilia","Islands"
"2020","ASP MESSINA",0.596853617818496,1.57099871395041,"Sicilia","Islands"
"2020","ASP PALERMO",1.06633446393222,1.11951808490593,"Sicilia","Islands"
"2020","ASP RAGUSA",2.04488180190025,1.82586291564408,"Sicilia","Islands"
"2020","ASP REGGIO CALABRIA",-0.0295486653030988,1.56261131639886,"Calabria","South"
"2020","ASP SIRACUSA",2.19565087284017,2.83651484213911,"Sicilia","Islands"
"2020","ASP VIBO VALENTIA",-0.241153208349021,1.84416514141207,"Calabria","South"
"2020","ASREM",-0.675101897015819,1.99488618519918,"Molise","South"
"2020","AST1 DI PESARO E URBINO",0.577501116304397,1.43289160890609,"Marche","Centre"
"2020","AST2 DI ANCONA",-0.931500674101289,0.90583089421292,"Marche","Centre"
"2020","AST3 DI MACERATA",-0.574534944788608,-0.717494084563226,"Marche","Centre"
"2020","AST4 DI FERMO",-1.74219905173166,1.20123038840281,"Marche","Centre"
"2020","AST5 DI ASCOLI PICENO",-1.32187184600306,-0.737238115819305,"Marche","Centre"
"2020","ASU FRIULI CENTRALE",0.958962627286124,-5.74045061462262,"Friuli-Venezia Giulia","North-East"
"2020","ASU GIULIANO ISONTINA",0.302304028096955,-6.4073115943899,"Friuli-Venezia Giulia","North-East"
"2020","AT",4.06018751573055,2.21473774000866,"Piemonte","North-West"
"2020","ATS DELL'INSUBRIA",2.64837045069298,-1.79480075026026,"Lombardia","North-West"
"2020","ATS DELLA BRIANZA",1.79553827024187,-1.23972252859641,"Lombardia","North-West"
"2020","ATS DELLA CITTA' METROPOLITANA DI MILANO",1.58982345543397,-1.15942550181836,"Lombardia","North-West"
"2020","ATS DELLA MONTAGNA",2.26679593033906,-2.68459257860134,"Lombardia","North-West"
"2020","ATS DELLA VAL PADANA",0.105550244553954,-2.42464010899617,"Lombardia","North-West"
"2020","ATS DI BERGAMO",0.608553364783366,-1.50182394863632,"Lombardia","North-West"
"2020","ATS DI BRESCIA",0.367610041157333,-2.88833218924544,"Lombardia","North-West"
"2020","ATS DI PAVIA",1.74455368177001,-0.69850433781452,"Lombardia","North-West"
"2020","AUSL UMBRIA N 1",-3.2068915846774,0.576871772663375,"Umbria","Centre"
"2020","AUSL UMBRIA N 2",-3.54358202973703,0.978385518495993,"Umbria","Centre"
"2020","AVEZZANO SULMONA L'AQUILA",-1.73734732429978,2.47413604893996,"Abruzzo","South"
"2020","AZIENDA SANITARIA DELLA PA DI BOLZANO",-1.04425186146571,-3.33279591788012,"Trentino-Alto Adige","North-East"
"2020","AZIENDA SANITARIA LOCALE DI MATERA ASM",-0.342049163242684,1.22916097540463,"Basilicata","South"
"2020","AZIENDA SANITARIA LOCALE DI POTENZA ASP",-0.474565303618778,1.9059549483536,"Basilicata","South"
"2020","AZIENDA ULSS N 1 DOLOMITI",-0.728626175557078,-3.9503812414669,"Veneto","North-East"
"2020","AZIENDA ULSS N 2 MARCA TREVIGIANA",-1.1765495804046,-5.1150240306926,"Veneto","North-East"
"2020","AZIENDA ULSS N 3 SERENISSIMA",-2.86040355221382,-4.76757596140481,"Veneto","North-East"
"2020","AZIENDA ULSS N 4 VENETO ORIENTALE",-0.380133544128895,-5.32027782413369,"Veneto","North-East"
"2020","AZIENDA ULSS N 5 POLESANA",-3.70272220039421,-2.42465681963921,"Veneto","North-East"
"2020","AZIENDA ULSS N 6 EUGANEA",-2.01918478832104,-3.92473411473221,"Veneto","North-East"
"2020","AZIENDA ULSS N 7 PEDEMONTANA",-2.26551485711858,-2.61253493825366,"Veneto","North-East"
"2020","AZIENDA ULSS N 8 BERICA",-1.74966199301577,-3.16343268844388,"Veneto","North-East"
"2020","AZIENDA ULSS N 9 SCALIGERA",-1.15920202608105,-3.11350608641435,"Veneto","North-East"
"2020","AZIENDA USL BOLOGNA",-2.59477816005639,-1.19269136182849,"Emilia-Romagna","North-East"
"2020","AZIENDA USL DELLA ROMAGNA",-2.00815002609523,-0.669657532312383,"Emilia-Romagna","North-East"
"2020","AZIENDA USL FERRARA",-3.82295283188384,-2.30601567516757,"Emilia-Romagna","North-East"
"2020","AZIENDA USL IMOLA",-2.01080026437455,-0.759073829950346,"Emilia-Romagna","North-East"
"2020","AZIENDA USL MODENA",-1.29134675395764,-1.57992351306135,"Emilia-Romagna","North-East"
"2020","AZIENDA USL PARMA",-0.178004171442749,-1.50598385516634,"Emilia-Romagna","North-East"
"2020","AZIENDA USL PIACENZA",1.61967409541666,-1.9769740943007,"Emilia-Romagna","North-East"
"2020","AZIENDA USL REGGIO EMILIA",-0.658693436494894,-1.33677282937358,"Emilia-Romagna","North-East"
"2020","AZIENDA USL TOSCANA CENTRO",-2.24909967917164,0.746058993655428,"Toscana","Centre"
"2020","AZIENDA USL TOSCANA NORD OVEST",-1.35083900965396,0.176429348803576,"Toscana","Centre"
"2020","AZIENDA USL TOSCANA SUD EST",-2.98628313218231,1.107867997659,"Toscana","Centre"
"2020","AZIENDA USL VALLE D'AOSTA",4.94364036017035,-0.360983500618163,"Valle d'Aosta","North-West"
"2020","BI",3.98465185004426,-1.98459181896862,"Piemonte","North-West"
"2020","CHIAVARESE",0.833543425047205,1.00457022348746,"Liguria","North-West"
"2020","CN1",4.49376238151824,1.77253037406367,"Piemonte","North-West"
"2020","CN2",4.76075049491588,0.865947824115438,"Piemonte","North-West"
"2020","FROSINONE",-1.36059613885224,2.91494403107569,"Lazio","Centre"
"2020","GENOVESE",1.75802164218057,0.985260227325115,"Liguria","North-West"
"2020","IMPERIESE",2.4552524292613,1.50908691905967,"Liguria","North-West"
"2020","LANCIANO VASTO CHIETI",-0.60969203562829,1.23252079692817,"Abruzzo","South"
"2020","LATINA",-1.95012570013229,3.88811555996346,"Lazio","Centre"
"2020","NO",2.65609504315806,-2.05870642265367,"Piemonte","North-West"
"2020","PESCARA",-0.632457289394494,1.62006780000428,"Abruzzo","South"
"2020","RIETI",-3.4746915731374,2.15035604201752,"Lazio","Centre"
"2020","ROMA 1",-3.85225936835293,2.77257079545948,"Lazio","Centre"
"2020","ROMA 2",-3.13525520103861,3.77043352963992,"Lazio","Centre"
"2020","ROMA 3",-3.98457255136019,3.51476998114947,"Lazio","Centre"
"2020","ROMA 4",-5.12864369522359,3.81893756315865,"Lazio","Centre"
"2020","ROMA 5",-2.84819106133291,3.48297543342436,"Lazio","Centre"
"2020","ROMA 6",-3.08662631748844,4.19290474703864,"Lazio","Centre"
"2020","SAVONESE",2.09116854265916,1.25266938245459,"Liguria","North-West"
"2020","SPEZZINO",-1.04029905528697,0.837608316899921,"Liguria","North-West"
"2020","TERAMO",-1.04443812012445,0.714309973032341,"Abruzzo","South"
"2020","TO3",5.59206849906316,0.256231925452792,"Piemonte","North-West"
"2020","TO4",6.01487063344752,-0.0116485876290558,"Piemonte","North-West"
"2020","TO5",6.13665311535095,0.252994534842637,"Piemonte","North-West"
"2020","TRENTO",-0.932100799660866,-3.44039417395953,"Trentino-Alto Adige","North-East"
"2020","VC",3.57299948715137,-1.42901033991223,"Piemonte","North-West"
"2020","VCO",3.76329412285514,-2.97067491517411,"Piemonte","North-West"
"2020","VITERBO",-4.82185585942268,1.56575813251432,"Lazio","Centre"
"2021","AL",2.90506210417115,0.912699341446385,"Piemonte","North-West"
"2021","AS FRIULI OCCIDENTALE",-0.688427926709164,-6.24508570432229,"Friuli-Venezia Giulia","North-East"
"2021","ASL AVELLINO",0.89834747629965,3.07712099593505,"Campania","South"
"2021","ASL BA",-0.151115193421347,0.405766624295756,"Puglia","South"
"2021","ASL BAT",-0.138055887546431,0.403696917008458,"Puglia","South"
"2021","ASL BENEVENTO",0.919205397251658,2.59400323951044,"Campania","South"
"2021","ASL BR",0.0150025104921382,0.182723511917793,"Puglia","South"
"2021","ASL CASERTA",1.29507457772356,4.62817245836161,"Campania","South"
"2021","ASL CITTA' DI TORINO",5.38077082169004,0.639794952319957,"Piemonte","North-West"
"2021","ASL FG",0.041350293590687,1.24576531621254,"Puglia","South"
"2021","ASL LE",-0.269937874819865,0.255972687202754,"Puglia","South"
"2021","ASL N 1 DI SASSARI",-2.87019258454417,-2.53365791717596,"Sardegna","Islands"
"2021","ASL N 2 DELLA GALLURA",-0.9202789784763,-0.534499427623476,"Sardegna","Islands"
"2021","ASL N 3 DI NUORO",-2.68009236534893,-2.8522612982341,"Sardegna","Islands"
"2021","ASL N 5 DI ORISTANO",-0.234680466916759,-6.51370251856231,"Sardegna","Islands"
"2021","ASL N 6 DEL MEDIO CAMPIDANO",-0.370542328705119,-3.68028086951736,"Sardegna","Islands"
"2021","ASL N 7 DEL SULCIS",-1.38127147093242,-3.12103857448463,"Sardegna","Islands"
"2021","ASL N 8 DI CAGLIARI",-1.63414747813319,-5.3383717847796,"Sardegna","Islands"
"2021","ASL NAPOLI 1 CENTRO",2.49177866771015,3.43674565927742,"Campania","South"
"2021","ASL NAPOLI 2 NORD",2.91197109060293,2.77614526531446,"Campania","South"
"2021","ASL NAPOLI 3 SUD",1.88642036203165,2.99365932281035,"Campania","South"
"2021","ASL SALERNO",1.23968614636596,2.43372506496592,"Campania","South"
"2021","ASL TA",-0.335404927242949,0.528443636254464,"Puglia","South"
"2021","ASP AGRIGENTO",0.291766158109419,1.27003091976468,"Sicilia","Islands"
"2021","ASP CALTANISSETTA",0.562594470869088,2.2087874024956,"Sicilia","Islands"
"2021","ASP CATANIA",1.38362729387485,2.76914731597563,"Sicilia","Islands"
"2021","ASP CATANZARO",-0.214050133200973,1.90481239547586,"Calabria","South"
"2021","ASP COSENZA",-0.417462747653516,1.9641045268395,"Calabria","South"
"2021","ASP CROTONE",-0.0826611172653492,2.52092577775475,"Calabria","South"
"2021","ASP DI TRAPANI",1.06919197416021,0.470607866512964,"Sicilia","Islands"
"2021","ASP ENNA",1.89139398278339,2.96569540648178,"Sicilia","Islands"
"2021","ASP MESSINA",0.669549550876573,2.26434909731327,"Sicilia","Islands"
"2021","ASP PALERMO",0.998591905375193,1.48231571630814,"Sicilia","Islands"
"2021","ASP RAGUSA",2.26748931022216,1.62369544487455,"Sicilia","Islands"
"2021","ASP REGGIO CALABRIA",-1.17667412033501,2.42033876871675,"Calabria","South"
"2021","ASP SIRACUSA",3.00539830954913,2.58740466325666,"Sicilia","Islands"
"2021","ASP VIBO VALENTIA",-0.289544174547686,2.28122677229232,"Calabria","South"
"2021","ASREM",-0.362013099118734,1.94956756613211,"Molise","South"
"2021","AST1 DI PESARO E URBINO",0.575329934063142,0.0339289739502217,"Marche","Centre"
"2021","AST2 DI ANCONA",-0.853040533022182,0.0670935799479497,"Marche","Centre"
"2021","AST3 DI MACERATA",0.798965115964335,0.273375454654567,"Marche","Centre"
"2021","AST4 DI FERMO",-1.8583450525981,1.55661062735793,"Marche","Centre"
"2021","AST5 DI ASCOLI PICENO",-1.50154847523266,-0.801279539972746,"Marche","Centre"
"2021","ASU FRIULI CENTRALE",0.766815902144531,-6.40776584181279,"Friuli-Venezia Giulia","North-East"
"2021","ASU GIULIANO ISONTINA",0.607636971743158,-5.44455854604555,"Friuli-Venezia Giulia","North-East"
"2021","AT",3.65468347545909,2.62154979546568,"Piemonte","North-West"
"2021","ATS DELL'INSUBRIA",2.0751593518332,-1.86702827588307,"Lombardia","North-West"
"2021","ATS DELLA BRIANZA",1.95030659555272,-1.42582980400412,"Lombardia","North-West"
"2021","ATS DELLA CITTA' METROPOLITANA DI MILANO",1.80661134824297,-1.02953671041272,"Lombardia","North-West"
"2021","ATS DELLA MONTAGNA",1.27657110983576,-1.85951768602198,"Lombardia","North-West"
"2021","ATS DELLA VAL PADANA",-0.221894595758968,-2.6337562939223,"Lombardia","North-West"
"2021","ATS DI BERGAMO",0.545979358099834,-0.820645392688579,"Lombardia","North-West"
"2021","ATS DI BRESCIA",0.0276262572978786,-2.29801258450628,"Lombardia","North-West"
"2021","ATS DI PAVIA",1.8685549881178,-0.940595429097135,"Lombardia","North-West"
"2021","AUSL UMBRIA N 1",-3.39049527257214,0.0661964164444804,"Umbria","Centre"
"2021","AUSL UMBRIA N 2",-3.58404088831447,0.0643432640991395,"Umbria","Centre"
"2021","AVEZZANO SULMONA L'AQUILA",-2.11870649864853,2.24939317938491,"Abruzzo","South"
"2021","AZIENDA SANITARIA DELLA PA DI BOLZANO",-1.04263193250632,-2.69316067101138,"Trentino-Alto Adige","North-East"
"2021","AZIENDA SANITARIA LOCALE DI MATERA ASM",-0.0119180337463374,2.58970494945882,"Basilicata","South"
"2021","AZIENDA SANITARIA LOCALE DI POTENZA ASP",-0.599771620428921,2.18315798054322,"Basilicata","South"
"2021","AZIENDA ULSS N 1 DOLOMITI",-1.14597416354809,-4.0877490798559,"Veneto","North-East"
"2021","AZIENDA ULSS N 2 MARCA TREVIGIANA",-1.3185165978158,-5.34842669694406,"Veneto","North-East"
"2021","AZIENDA ULSS N 3 SERENISSIMA",-2.56914469117731,-4.70691766915129,"Veneto","North-East"
"2021","AZIENDA ULSS N 4 VENETO ORIENTALE",-0.501768119056458,-5.42346443823896,"Veneto","North-East"
"2021","AZIENDA ULSS N 5 POLESANA",-4.39109284242177,-2.05969091756691,"Veneto","North-East"
"2021","AZIENDA ULSS N 6 EUGANEA",-2.20635832571759,-3.16550932732684,"Veneto","North-East"
"2021","AZIENDA ULSS N 7 PEDEMONTANA",-1.67608011192538,-2.78039398107371,"Veneto","North-East"
"2021","AZIENDA ULSS N 8 BERICA",-1.80799331942112,-2.79210367768529,"Veneto","North-East"
"2021","AZIENDA ULSS N 9 SCALIGERA",-0.837008974281747,-2.59046744505486,"Veneto","North-East"
"2021","AZIENDA USL BOLOGNA",-2.41983998786406,-0.954333092051085,"Emilia-Romagna","North-East"
"2021","AZIENDA USL DELLA ROMAGNA",-2.06683043542676,-0.471414888937889,"Emilia-Romagna","North-East"
"2021","AZIENDA USL FERRARA",-3.96551323370485,-2.58233254514405,"Emilia-Romagna","North-East"
"2021","AZIENDA USL IMOLA",-3.1465547278137,-0.359886006935189,"Emilia-Romagna","North-East"
"2021","AZIENDA USL MODENA",-1.24838341803417,-1.60193326833245,"Emilia-Romagna","North-East"
"2021","AZIENDA USL PARMA",-0.356519821549019,-1.64777697106451,"Emilia-Romagna","North-East"
"2021","AZIENDA USL PIACENZA",1.33753946005208,-2.22834350014625,"Emilia-Romagna","North-East"
"2021","AZIENDA USL REGGIO EMILIA",-0.541084478464348,-2.16643787061984,"Emilia-Romagna","North-East"
"2021","AZIENDA USL TOSCANA CENTRO",-2.39573597221425,0.831542592926613,"Toscana","Centre"
"2021","AZIENDA USL TOSCANA NORD OVEST",-1.41092174028545,0.520958733700658,"Toscana","Centre"
"2021","AZIENDA USL TOSCANA SUD EST",-3.27737737821068,1.27145677818989,"Toscana","Centre"
"2021","AZIENDA USL VALLE D'AOSTA",4.75668219707305,-0.326880352454004,"Valle d'Aosta","North-West"
"2021","BI",4.00719598662442,-2.09132734347202,"Piemonte","North-West"
"2021","CHIAVARESE",2.54664979005462,0.505711909529362,"Liguria","North-West"
"2021","CN1",5.02685658543307,1.52524821501466,"Piemonte","North-West"
"2021","CN2",4.67002018176533,1.10393729774398,"Piemonte","North-West"
"2021","FROSINONE",-2.21011737071743,2.54519327429908,"Lazio","Centre"
"2021","GENOVESE",2.28475059563747,1.11720617533649,"Liguria","North-West"
"2021","IMPERIESE",4.05496122371897,1.13682837379313,"Liguria","North-West"
"2021","LANCIANO VASTO CHIETI",-1.51733266402294,1.39558016394859,"Abruzzo","South"
"2021","LATINA",-2.03988340275635,4.20674956794661,"Lazio","Centre"
"2021","NO",2.41790089861244,-2.42447330325659,"Piemonte","North-West"
"2021","PESCARA",-1.51606887909338,1.39622887361507,"Abruzzo","South"
"2021","RIETI",-2.99249151804429,1.83545518648777,"Lazio","Centre"
"2021","ROMA 1",-3.79843981635989,3.14003147479272,"Lazio","Centre"
"2021","ROMA 2",-3.27256370064267,2.90192890235609,"Lazio","Centre"
"2021","ROMA 3",-3.3013930572934,2.86899579277009,"Lazio","Centre"
"2021","ROMA 4",-4.87593574618192,3.19201579914834,"Lazio","Centre"
"2021","ROMA 5",-2.45836083984297,3.38326249509926,"Lazio","Centre"
"2021","ROMA 6",-2.32690429104836,4.32485261184159,"Lazio","Centre"
"2021","SAVONESE",2.90285595686509,1.31068786958585,"Liguria","North-West"
"2021","SPEZZINO",-0.159318473650861,0.923724562460521,"Liguria","North-West"
"2021","TERAMO",-1.44787335122182,1.15219270555477,"Abruzzo","South"
"2021","TO3",5.01257104929241,0.864666044259595,"Piemonte","North-West"
"2021","TO4",5.83025932480715,-0.217791239501071,"Piemonte","North-West"
"2021","TO5",5.29157655348927,1.5343369366293,"Piemonte","North-West"
"2021","TRENTO",-1.40473873952348,-2.84101518153341,"Trentino-Alto Adige","North-East"
"2021","VC",2.98002944741957,-1.43012088929775,"Piemonte","North-West"
"2021","VCO",3.90751262929097,-2.08094582399794,"Piemonte","North-West"
"2021","VITERBO",-5.10280872516106,1.5287291883554,"Lazio","Centre"
"2022","AL",3.09676694636749,0.624441342831156,"Piemonte","North-West"
"2022","AS FRIULI OCCIDENTALE",-0.423707939517496,-6.29458163199599,"Friuli-Venezia Giulia","North-East"
"2022","ASL AVELLINO",0.97379568802992,2.93243586108648,"Campania","South"
"2022","ASL BA",0.105747133530016,0.0651725165484958,"Puglia","South"
"2022","ASL BAT",-0.344896569741768,0.40673244236158,"Puglia","South"
"2022","ASL BENEVENTO",1.58647235122627,3.17466027111622,"Campania","South"
"2022","ASL BR",0.139759154129616,-0.103859223894238,"Puglia","South"
"2022","ASL CASERTA",1.25648168420729,4.47116921364126,"Campania","South"
"2022","ASL CITTA' DI TORINO",5.33550122729296,0.526389790950663,"Piemonte","North-West"
"2022","ASL FG",-0.498106719885782,0.93534539525181,"Puglia","South"
"2022","ASL LE",-0.238700475877074,-0.380069855739594,"Puglia","South"
"2022","ASL N 1 DI SASSARI",-2.56396771372646,-3.64092687364165,"Sardegna","Islands"
"2022","ASL N 2 DELLA GALLURA",-1.90220833947985,-3.15032648907914,"Sardegna","Islands"
"2022","ASL N 3 DI NUORO",-3.90500520857336,-3.76752141298177,"Sardegna","Islands"
"2022","ASL N 5 DI ORISTANO",-1.28463702363877,-4.56650451759606,"Sardegna","Islands"
"2022","ASL N 6 DEL MEDIO CAMPIDANO",-0.0399720637592466,-5.2340002597493,"Sardegna","Islands"
"2022","ASL N 7 DEL SULCIS",0.466547599210853,-4.92029156947489,"Sardegna","Islands"
"2022","ASL N 8 DI CAGLIARI",-1.12200010455999,-4.90495832601662,"Sardegna","Islands"
"2022","ASL NAPOLI 1 CENTRO",1.98803654578453,3.46414576653008,"Campania","South"
"2022","ASL NAPOLI 2 NORD",3.5198723199028,3.32149805903814,"Campania","South"
"2022","ASL NAPOLI 3 SUD",1.59229841484867,3.21587644418122,"Campania","South"
"2022","ASL SALERNO",0.597701091047574,2.99057297476218,"Campania","South"
"2022","ASL TA",0.151671882439006,-0.0156431940357512,"Puglia","South"
"2022","ASP AGRIGENTO",1.11054189046779,2.10675613116386,"Sicilia","Islands"
"2022","ASP CALTANISSETTA",1.00346151705834,1.94970938893966,"Sicilia","Islands"
"2022","ASP CATANIA",2.12791085701172,2.51519358174878,"Sicilia","Islands"
"2022","ASP CATANZARO",0.590885222300139,3.04120019014601,"Calabria","South"
"2022","ASP COSENZA",0.13711641841834,2.87628871285414,"Calabria","South"
"2022","ASP CROTONE",0.108467976057949,2.99947175452975,"Calabria","South"
"2022","ASP DI TRAPANI",0.415314604883334,1.07306254940515,"Sicilia","Islands"
"2022","ASP ENNA",1.99263600589639,2.9784344932979,"Sicilia","Islands"
"2022","ASP MESSINA",0.948836010693057,2.20514216367908,"Sicilia","Islands"
"2022","ASP PALERMO",0.971566066878935,1.39862539375518,"Sicilia","Islands"
"2022","ASP RAGUSA",2.20445789601817,1.00026189372858,"Sicilia","Islands"
"2022","ASP REGGIO CALABRIA",-0.0676462407849355,2.46060090159139,"Calabria","South"
"2022","ASP SIRACUSA",2.73463238925263,2.70475517460223,"Sicilia","Islands"
"2022","ASP VIBO VALENTIA",0.462636905964431,2.49572349076616,"Calabria","South"
"2022","ASREM",-0.519619464161961,2.15929094023996,"Molise","South"
"2022","AST1 DI PESARO E URBINO",-0.553067755951377,0.651823745023422,"Marche","Centre"
"2022","AST2 DI ANCONA",-1.55461197321145,1.53632653270034,"Marche","Centre"
"2022","AST3 DI MACERATA",-0.649051932375365,0.436828302646128,"Marche","Centre"
"2022","AST4 DI FERMO",-2.06001006842902,1.58578332916868,"Marche","Centre"
"2022","AST5 DI ASCOLI PICENO",-2.6045507800212,1.42809387740561,"Marche","Centre"
"2022","ASU FRIULI CENTRALE",0.705105023240154,-6.23319243974471,"Friuli-Venezia Giulia","North-East"
"2022","ASU GIULIANO ISONTINA",0.382044835284508,-5.41520543310483,"Friuli-Venezia Giulia","North-East"
"2022","AT",4.15563180529453,1.64965464935294,"Piemonte","North-West"
"2022","ATS DELL'INSUBRIA",2.31953555511457,-1.72042998018397,"Lombardia","North-West"
"2022","ATS DELLA BRIANZA",1.82064774221874,-1.14034290496073,"Lombardia","North-West"
"2022","ATS DELLA CITTA' METROPOLITANA DI MILANO",1.36656398909514,-0.783023069396775,"Lombardia","North-West"
"2022","ATS DELLA MONTAGNA",1.5354484328812,-2.61091900969267,"Lombardia","North-West"
"2022","ATS DELLA VAL PADANA",-0.136476436998308,-2.41688966710011,"Lombardia","North-West"
"2022","ATS DI BERGAMO",1.03152088498776,-1.84628776901956,"Lombardia","North-West"
"2022","ATS DI BRESCIA",0.0902754364677291,-2.52310716572326,"Lombardia","North-West"
"2022","ATS DI PAVIA",1.12594404391152,-0.643132420870753,"Lombardia","North-West"
"2022","AUSL UMBRIA N 1",-3.74557405526701,1.09578956555327,"Umbria","Centre"
"2022","AUSL UMBRIA N 2",-3.26455729537173,0.655441933874166,"Umbria","Centre"
"2022","AVEZZANO SULMONA L'AQUILA",-2.05075606644392,2.19754480103821,"Abruzzo","South"
"2022","AZIENDA SANITARIA DELLA PA DI BOLZANO",-1.31207204058159,-2.99291103833086,"Trentino-Alto Adige","North-East"
"2022","AZIENDA SANITARIA LOCALE DI MATERA ASM",0.6294725826006,1.63094421409209,"Basilicata","South"
"2022","AZIENDA SANITARIA LOCALE DI POTENZA ASP",-0.137573732101361,2.13110456252566,"Basilicata","South"
"2022","AZIENDA ULSS N 1 DOLOMITI",-1.77947434117502,-4.07402076044929,"Veneto","North-East"
"2022","AZIENDA ULSS N 2 MARCA TREVIGIANA",-1.24919576272772,-5.52296238563124,"Veneto","North-East"
"2022","AZIENDA ULSS N 3 SERENISSIMA",-2.08567575076543,-4.76931472972847,"Veneto","North-East"
"2022","AZIENDA ULSS N 4 VENETO ORIENTALE",-0.16986756588032,-4.54624562265711,"Veneto","North-East"
"2022","AZIENDA ULSS N 5 POLESANA",-3.63042074897261,-2.12409503469526,"Veneto","North-East"
"2022","AZIENDA ULSS N 6 EUGANEA",-1.86410593820017,-3.43990449238038,"Veneto","North-East"
"2022","AZIENDA ULSS N 7 PEDEMONTANA",-1.81536762394556,-2.64823510988587,"Veneto","North-East"
"2022","AZIENDA ULSS N 8 BERICA",-2.16204317772505,-2.3102808206251,"Veneto","North-East"
"2022","AZIENDA ULSS N 9 SCALIGERA",-0.732755708359876,-2.81825990773683,"Veneto","North-East"
"2022","AZIENDA USL BOLOGNA",-2.14709609830032,-0.885756606272014,"Emilia-Romagna","North-East"
"2022","AZIENDA USL DELLA ROMAGNA",-1.88787285541656,0.134579692834692,"Emilia-Romagna","North-East"
"2022","AZIENDA USL FERRARA",-3.42421402251325,-1.85184599755748,"Emilia-Romagna","North-East"
"2022","AZIENDA USL IMOLA",-3.00874683955534,-0.468023409860014,"Emilia-Romagna","North-East"
"2022","AZIENDA USL MODENA",-0.864193731979504,-1.57651363269868,"Emilia-Romagna","North-East"
"2022","AZIENDA USL PARMA",0.225243030345054,-0.951473517336765,"Emilia-Romagna","North-East"
"2022","AZIENDA USL PIACENZA",0.957172084769743,-1.39752380411913,"Emilia-Romagna","North-East"
"2022","AZIENDA USL REGGIO EMILIA",-0.254565835757375,-2.03969366086998,"Emilia-Romagna","North-East"
"2022","AZIENDA USL TOSCANA CENTRO",-2.19739496418918,0.380957627039403,"Toscana","Centre"
"2022","AZIENDA USL TOSCANA NORD OVEST",-1.61796611321286,0.356845300273379,"Toscana","Centre"
"2022","AZIENDA USL TOSCANA SUD EST",-3.01796523610838,0.31968816837643,"Toscana","Centre"
"2022","AZIENDA USL VALLE D'AOSTA",3.2058022540376,0.154403257627143,"Valle d'Aosta","North-West"
"2022","BI",3.59299459370856,-2.42743432983028,"Piemonte","North-West"
"2022","CHIAVARESE",2.23475833265398,1.14919677375684,"Liguria","North-West"
"2022","CN1",4.67886049376421,0.535051093256766,"Piemonte","North-West"
"2022","CN2",4.97142814603149,1.33125211293459,"Piemonte","North-West"
"2022","FROSINONE",-2.21500430092633,3.02911354527415,"Lazio","Centre"
"2022","GENOVESE",2.48067160783451,1.11454031664897,"Liguria","North-West"
"2022","IMPERIESE",3.06263994075965,1.87063796319974,"Liguria","North-West"
"2022","LANCIANO VASTO CHIETI",-0.833425546408815,1.56809966131808,"Abruzzo","South"
"2022","LATINA",-2.20257877825448,4.08110610703965,"Lazio","Centre"
"2022","NO",2.1343859409083,-2.13844120571701,"Piemonte","North-West"
"2022","PESCARA",-1.00140344260859,1.49340563603683,"Abruzzo","South"
"2022","RIETI",-4.19762704887497,1.4971235920638,"Lazio","Centre"
"2022","ROMA 1",-3.70952830801911,2.30438095925785,"Lazio","Centre"
"2022","ROMA 2",-3.69858990350989,2.61773528389577,"Lazio","Centre"
"2022","ROMA 3",-3.8500483952636,3.04270113548703,"Lazio","Centre"
"2022","ROMA 4",-4.7953814320562,2.61657687110014,"Lazio","Centre"
"2022","ROMA 5",-2.93017788922684,3.34384424301757,"Lazio","Centre"
"2022","ROMA 6",-2.54651094321785,4.04408220462872,"Lazio","Centre"
"2022","SAVONESE",2.80267141385228,1.04218977224017,"Liguria","North-West"
"2022","SPEZZINO",-0.991546257339858,0.957977242980304,"Liguria","North-West"
"2022","TERAMO",-1.34295032151133,2.31002494473731,"Abruzzo","South"
"2022","TO3",5.28455090699588,0.622280864275266,"Piemonte","North-West"
"2022","TO4",4.93798428458432,-0.277476120483381,"Piemonte","North-West"
"2022","TO5",5.83482716709148,1.0663829170162,"Piemonte","North-West"
"2022","TRENTO",-0.864060375100613,-3.18718844728874,"Trentino-Alto Adige","North-East"
"2022","VC",3.61690922249312,-1.50218090354901,"Piemonte","North-West"
"2022","VCO",4.22800050228494,-2.87720166731901,"Piemonte","North-West"
"2022","VITERBO",-4.96368079456778,1.06172678057986,"Lazio","Centre"
"2023","AL",3.00740212792488,1.30018152024764,"Piemonte","North-West"
"2023","AS FRIULI OCCIDENTALE",-0.0952630772699778,-5.89572264537395,"Friuli-Venezia Giulia","North-East"
"2023","ASL AVELLINO",0.827158201114681,3.096140075216,"Campania","South"
"2023","ASL BA",0.00595585493747797,0.263091567512756,"Puglia","South"
"2023","ASL BAT",0.153834353616005,0.575397046634629,"Puglia","South"
"2023","ASL BENEVENTO",0.89700032581493,2.84963363498564,"Campania","South"
"2023","ASL BR",0.580136221559115,0.0372450039638167,"Puglia","South"
"2023","ASL CASERTA",1.29915464467826,4.20865688363245,"Campania","South"
"2023","ASL CITTA' DI TORINO",5.54811285774948,0.133908586185124,"Piemonte","North-West"
"2023","ASL FG",-0.364316699625846,0.776354249845489,"Puglia","South"
"2023","ASL LE",0.227502884801491,0.53215426686523,"Puglia","South"
"2023","ASL N 1 DI SASSARI",-1.82455795652865,-3.63607012888027,"Sardegna","Islands"
"2023","ASL N 2 DELLA GALLURA",-1.70104748365524,-3.46739946454341,"Sardegna","Islands"
"2023","ASL N 3 DI NUORO",-3.37659639804473,-3.37893512796551,"Sardegna","Islands"
"2023","ASL N 5 DI ORISTANO",-2.14898267337009,-4.26741636592574,"Sardegna","Islands"
"2023","ASL N 6 DEL MEDIO CAMPIDANO",-0.14090640138128,-5.36358396758558,"Sardegna","Islands"
"2023","ASL N 7 DEL SULCIS",-0.662543770946177,-6.17322003893863,"Sardegna","Islands"
"2023","ASL N 8 DI CAGLIARI",-0.816726117721305,-5.07766207988841,"Sardegna","Islands"
"2023","ASL NAPOLI 1 CENTRO",2.58269628632418,3.26171860610869,"Campania","South"
"2023","ASL NAPOLI 2 NORD",3.43165947228475,3.13994629702893,"Campania","South"
"2023","ASL NAPOLI 3 SUD",1.17549014220282,3.03955524547704,"Campania","South"
"2023","ASL SALERNO",0.527603563011457,3.05838540290251,"Campania","South"
"2023","ASL TA",-0.0501835174273563,0.461533743734725,"Puglia","South"
"2023","ASP AGRIGENTO",1.0901777410814,1.89408526940051,"Sicilia","Islands"
"2023","ASP CALTANISSETTA",1.09614759225137,2.53043687024504,"Sicilia","Islands"
"2023","ASP CATANIA",2.04068331806492,3.08629987301054,"Sicilia","Islands"
"2023","ASP CATANZARO",0.331554091399341,2.15899314318221,"Calabria","South"
"2023","ASP COSENZA",-0.224082961802214,2.16971324184612,"Calabria","South"
"2023","ASP CROTONE",-0.630334335080785,1.70587384289536,"Calabria","South"
"2023","ASP DI TRAPANI",0.580494598325717,1.22440452416734,"Sicilia","Islands"
"2023","ASP ENNA",2.19266987082335,3.56987437944457,"Sicilia","Islands"
"2023","ASP MESSINA",0.688788484725802,2.93468239375976,"Sicilia","Islands"
"2023","ASP PALERMO",1.02076947095313,1.50235132357595,"Sicilia","Islands"
"2023","ASP RAGUSA",1.92284779942401,2.32751755934278,"Sicilia","Islands"
"2023","ASP REGGIO CALABRIA",-0.0119101398941767,2.44673391373511,"Calabria","South"
"2023","ASP SIRACUSA",2.93498139983403,1.89202112029473,"Sicilia","Islands"
"2023","ASP VIBO VALENTIA",-0.0891620759621585,2.55200024223177,"Calabria","South"
"2023","ASREM",-0.527440730839714,1.76077686973722,"Molise","South"
"2023","AST1 DI PESARO E URBINO",-1.7379092447986,0.282244326506419,"Marche","Centre"
"2023","AST2 DI ANCONA",-2.21474731488703,0.579652025014739,"Marche","Centre"
"2023","AST3 DI MACERATA",-2.31742635201655,0.919167446298725,"Marche","Centre"
"2023","AST4 DI FERMO",-2.37684025740708,1.64287554101046,"Marche","Centre"
"2023","AST5 DI ASCOLI PICENO",-2.1235877329505,1.51391763097478,"Marche","Centre"
"2023","ASU FRIULI CENTRALE",0.558577159855229,-5.70848188015479,"Friuli-Venezia Giulia","North-East"
"2023","ASU GIULIANO ISONTINA",-0.226310733661655,-5.61713768993642,"Friuli-Venezia Giulia","North-East"
"2023","AT",4.72580651124435,1.04787580747736,"Piemonte","North-West"
"2023","ATS DELL'INSUBRIA",1.69594801059971,-0.850905278598773,"Lombardia","North-West"
"2023","ATS DELLA BRIANZA",1.45715035690936,-0.979352005718543,"Lombardia","North-West"
"2023","ATS DELLA CITTA' METROPOLITANA DI MILANO",1.14005919290359,-0.689939206008407,"Lombardia","North-West"
"2023","ATS DELLA MONTAGNA",1.18798827067988,-1.94762837357791,"Lombardia","North-West"
"2023","ATS DELLA VAL PADANA",0.172065852932879,-2.92901040230436,"Lombardia","North-West"
"2023","ATS DI BERGAMO",0.680553776545539,-1.4334401125122,"Lombardia","North-West"
"2023","ATS DI BRESCIA",0.47269617199414,-2.86146831521046,"Lombardia","North-West"
"2023","ATS DI PAVIA",2.08603074816683,-1.25496747160802,"Lombardia","North-West"
"2023","AUSL UMBRIA N 1",-3.55626457388661,-0.232973846840244,"Umbria","Centre"
"2023","AUSL UMBRIA N 2",-3.86389426210357,-0.357526381567882,"Umbria","Centre"
"2023","AVEZZANO SULMONA L'AQUILA",-2.16792816849234,2.54489942450437,"Abruzzo","South"
"2023","AZIENDA SANITARIA DELLA PA DI BOLZANO",-0.908790301740347,-3.0891489461801,"Trentino-Alto Adige","North-East"
"2023","AZIENDA SANITARIA LOCALE DI MATERA ASM",0.204100930010799,2.05819652825858,"Basilicata","South"
"2023","AZIENDA SANITARIA LOCALE DI POTENZA ASP",0.125828649324509,2.40464803316266,"Basilicata","South"
"2023","AZIENDA ULSS N 1 DOLOMITI",-1.54903046366793,-3.63387535472088,"Veneto","North-East"
"2023","AZIENDA ULSS N 2 MARCA TREVIGIANA",-0.939257664760264,-4.95883196971794,"Veneto","North-East"
"2023","AZIENDA ULSS N 3 SERENISSIMA",-2.34494524406328,-3.9343012043907,"Veneto","North-East"
"2023","AZIENDA ULSS N 4 VENETO ORIENTALE",0.957423793809657,-4.74443165518631,"Veneto","North-East"
"2023","AZIENDA ULSS N 5 POLESANA",-3.51312927619296,-2.76628117367191,"Veneto","North-East"
"2023","AZIENDA ULSS N 6 EUGANEA",-1.44515110524646,-3.11719678573604,"Veneto","North-East"
"2023","AZIENDA ULSS N 7 PEDEMONTANA",-1.99720337012019,-2.53245662878371,"Veneto","North-East"
"2023","AZIENDA ULSS N 8 BERICA",-2.34702410768158,-1.99907574044066,"Veneto","North-East"
"2023","AZIENDA ULSS N 9 SCALIGERA",-0.983667792470323,-2.95785514014271,"Veneto","North-East"
"2023","AZIENDA USL BOLOGNA",-1.84319403154291,-1.0611053028588,"Emilia-Romagna","North-East"
"2023","AZIENDA USL DELLA ROMAGNA",-1.59086508206832,0.163088638455521,"Emilia-Romagna","North-East"
"2023","AZIENDA USL FERRARA",-4.08410457128776,-1.48432369932547,"Emilia-Romagna","North-East"
"2023","AZIENDA USL IMOLA",-2.19759382018886,-0.740678069352887,"Emilia-Romagna","North-East"
"2023","AZIENDA USL MODENA",-1.07985242867456,-1.69834047935877,"Emilia-Romagna","North-East"
"2023","AZIENDA USL PARMA",-0.472635332031441,-1.2517839603643,"Emilia-Romagna","North-East"
"2023","AZIENDA USL PIACENZA",1.05807455724195,-1.97420284652906,"Emilia-Romagna","North-East"
"2023","AZIENDA USL REGGIO EMILIA",0.331893496124986,-2.17805593747068,"Emilia-Romagna","North-East"
"2023","AZIENDA USL TOSCANA CENTRO",-2.21699583934187,0.451523565561244,"Toscana","Centre"
"2023","AZIENDA USL TOSCANA NORD OVEST",-1.76273650485065,0.307507340018408,"Toscana","Centre"
"2023","AZIENDA USL TOSCANA SUD EST",-3.49199111266374,0.751997546643014,"Toscana","Centre"
"2023","AZIENDA USL VALLE D'AOSTA",4.00513261878919,-0.41220734161795,"Valle d'Aosta","North-West"
"2023","BI",3.83668154134798,-1.7622841424562,"Piemonte","North-West"
"2023","CHIAVARESE",1.2337078372318,1.04730992694288,"Liguria","North-West"
"2023","CN1",4.91402427625644,-0.0835408054150438,"Piemonte","North-West"
"2023","CN2",5.35638823989138,1.99085283645432,"Piemonte","North-West"
"2023","FROSINONE",-1.97983028654333,2.75455940354205,"Lazio","Centre"
"2023","GENOVESE",1.81838659069535,1.43059488206439,"Liguria","North-West"
"2023","IMPERIESE",3.48059916310053,0.942545698081708,"Liguria","North-West"
"2023","LANCIANO VASTO CHIETI",-0.686126053453349,2.09824582710206,"Abruzzo","South"
"2023","LATINA",-1.80046469228265,4.07792340028483,"Lazio","Centre"
"2023","NO",2.64641669817629,-1.84663692511311,"Piemonte","North-West"
"2023","PESCARA",-1.33647690577961,1.6416991496893,"Abruzzo","South"
"2023","RIETI",-3.89058197041922,2.04712363996364,"Lazio","Centre"
"2023","ROMA 1",-3.60247130745816,3.13244608841121,"Lazio","Centre"
"2023","ROMA 2",-3.20496250151736,3.1274300349646,"Lazio","Centre"
"2023","ROMA 3",-3.52319899895963,3.03528469061373,"Lazio","Centre"
"2023","ROMA 4",-4.64464546458458,2.81998886704511,"Lazio","Centre"
"2023","ROMA 5",-3.20060096017983,3.34080501579544,"Lazio","Centre"
"2023","ROMA 6",-2.69423831196504,3.83690933463525,"Lazio","Centre"
"2023","SAVONESE",3.24914978720046,0.758831295855865,"Liguria","North-West"
"2023","SPEZZINO",-0.713547612862748,0.910492830309789,"Liguria","North-West"
"2023","TERAMO",-1.4362927781653,1.48714404291619,"Abruzzo","South"
"2023","TO3",5.56298548372374,0.282226839019828,"Piemonte","North-West"
"2023","TO4",6.12453416810625,-0.0751705011027415,"Piemonte","North-West"
"2023","TO5",5.48889114336362,0.471525331038337,"Piemonte","North-West"
"2023","TRENTO",-1.23406418916518,-3.22472745736465,"Trentino-Alto Adige","North-East"
"2023","VC",4.15300043365732,-1.98564429696835,"Piemonte","North-West"
"2023","VCO",4.2767078328938,-2.31644116293888,"Piemonte","North-West"
"2023","VITERBO",-5.19899153399708,1.56023862452085,"Lazio","Centre"
"2024","AL",3.84488021815792,0.0543923656076568,"Piemonte","North-West"
"2024","AS FRIULI OCCIDENTALE",0.809006972623719,-4.69599537483364,"Friuli-Venezia Giulia","North-East"
"2024","ASL AVELLINO",0.196612233588859,3.23106056783787,"Campania","South"
"2024","ASL BA",-0.228495526752163,0.758929871083518,"Puglia","South"
"2024","ASL BAT",0.0164354392197288,0.536416191538282,"Puglia","South"
"2024","ASL BENEVENTO",0.286818725224468,3.20701921457336,"Campania","South"
"2024","ASL BR",0.276894224834894,1.21738365873407,"Puglia","South"
"2024","ASL CASERTA",0.66984739852416,4.81230815688483,"Campania","South"
"2024","ASL CITTA' DI TORINO",5.48693918601672,0.21830031327233,"Piemonte","North-West"
"2024","ASL FG",-1.30429705343773,0.76507053227511,"Puglia","South"
"2024","ASL LE",0.104354215451496,0.545012632180426,"Puglia","South"
"2024","ASL N 1 DI SASSARI",-2.81014365131447,-3.75888822625058,"Sardegna","Islands"
"2024","ASL N 2 DELLA GALLURA",-3.0673511232852,-2.91267152620528,"Sardegna","Islands"
"2024","ASL N 3 DI NUORO",-2.78131446895911,-4.53368088286134,"Sardegna","Islands"
"2024","ASL N 5 DI ORISTANO",-1.55723984575932,-3.61553336352021,"Sardegna","Islands"
"2024","ASL N 6 DEL MEDIO CAMPIDANO",-0.748626270701929,-5.0159879987606,"Sardegna","Islands"
"2024","ASL N 7 DEL SULCIS",-1.10092989726646,-7.34779224533168,"Sardegna","Islands"
"2024","ASL N 8 DI CAGLIARI",-1.87038583263168,-5.20294282413449,"Sardegna","Islands"
"2024","ASL NAPOLI 1 CENTRO",1.59347503959321,4.57249077516814,"Campania","South"
"2024","ASL NAPOLI 2 NORD",2.69670492691235,3.82469139406356,"Campania","South"
"2024","ASL NAPOLI 3 SUD",1.07274159464678,3.70264761663721,"Campania","South"
"2024","ASL SALERNO",0.742902224503051,3.03195884026083,"Campania","South"
"2024","ASL TA",0.461077648473399,0.95946577871627,"Puglia","South"
"2024","ASP AGRIGENTO",1.26154055157179,2.16923316649343,"Sicilia","Islands"
"2024","ASP CALTANISSETTA",1.98661940428424,2.48854388322809,"Sicilia","Islands"
"2024","ASP CATANIA",2.72650164043025,2.53720119878864,"Sicilia","Islands"
"2024","ASP CATANZARO",0.11827393085499,1.444784279069,"Calabria","South"
"2024","ASP COSENZA",-0.0813791871850295,1.95542190600299,"Calabria","South"
"2024","ASP CROTONE",-0.238485795375848,2.45311068560181,"Calabria","South"
"2024","ASP DI TRAPANI",1.61513043907399,1.34010173821714,"Sicilia","Islands"
"2024","ASP ENNA",1.84351220614065,3.56826746426996,"Sicilia","Islands"
"2024","ASP MESSINA",1.0500769426905,2.53296454529316,"Sicilia","Islands"
"2024","ASP PALERMO",1.67122324940297,1.33262992588949,"Sicilia","Islands"
"2024","ASP RAGUSA",1.59878278689295,2.8472252621242,"Sicilia","Islands"
"2024","ASP REGGIO CALABRIA",-0.480835865077506,2.53153197586755,"Calabria","South"
"2024","ASP SIRACUSA",3.247905351669,3.42279804204798,"Sicilia","Islands"
"2024","ASP VIBO VALENTIA",-0.219935483012381,2.60363781230308,"Calabria","South"
"2024","ASREM",-0.576230674395381,1.66040620937668,"Molise","South"
"2024","AST1 DI PESARO E URBINO",-2.0990430691934,0.256134166901045,"Marche","Centre"
"2024","AST2 DI ANCONA",-2.0849550371787,-0.000872317029876203,"Marche","Centre"
"2024","AST3 DI MACERATA",-2.00085891602561,0.128455170597884,"Marche","Centre"
"2024","AST4 DI FERMO",-1.62704873464444,1.24438802379602,"Marche","Centre"
"2024","AST5 DI ASCOLI PICENO",-2.13625739911474,2.02698556172142,"Marche","Centre"
"2024","ASU FRIULI CENTRALE",1.05938857111979,-5.67830683850259,"Friuli-Venezia Giulia","North-East"
"2024","ASU GIULIANO ISONTINA",0.0940083569228711,-5.70267175488213,"Friuli-Venezia Giulia","North-East"
"2024","AT",6.23412929789395,1.2459735119204,"Piemonte","North-West"
"2024","ATS DELL'INSUBRIA",1.6038968966486,-0.633238444370244,"Lombardia","North-West"
"2024","ATS DELLA BRIANZA",1.20755304267293,-0.8235801110348,"Lombardia","North-West"
"2024","ATS DELLA CITTA' METROPOLITANA DI MILANO",1.2530488588977,-0.604936850886816,"Lombardia","North-West"
"2024","ATS DELLA MONTAGNA",1.60650103219482,-1.46299150972807,"Lombardia","North-West"
"2024","ATS DELLA VAL PADANA",0.00320634899705529,-2.87654829600518,"Lombardia","North-West"
"2024","ATS DI BERGAMO",0.687773786677689,-1.45765085241963,"Lombardia","North-West"
"2024","ATS DI BRESCIA",0.419563177275211,-2.57557136747319,"Lombardia","North-West"
"2024","ATS DI PAVIA",1.68834245829085,-1.16963147202524,"Lombardia","North-West"
"2024","AUSL UMBRIA N 1",-3.60854330760778,-0.23005867431145,"Umbria","Centre"
"2024","AUSL UMBRIA N 2",-3.94062645343899,0.827589583507131,"Umbria","Centre"
"2024","AVEZZANO SULMONA L'AQUILA",-2.65031048767481,1.47300933684,"Abruzzo","South"
"2024","AZIENDA SANITARIA DELLA PA DI BOLZANO",-1.78972822602488,-3.23793276554748,"Trentino-Alto Adige","North-East"
"2024","AZIENDA SANITARIA LOCALE DI MATERA ASM",0.576243322971541,2.0645572370402,"Basilicata","South"
"2024","AZIENDA SANITARIA LOCALE DI POTENZA ASP",0.16910072812851,2.63717056769407,"Basilicata","South"
"2024","AZIENDA ULSS N 1 DOLOMITI",-1.27142053633592,-3.91785379892551,"Veneto","North-East"
"2024","AZIENDA ULSS N 2 MARCA TREVIGIANA",-0.482211622311831,-4.28744140626368,"Veneto","North-East"
"2024","AZIENDA ULSS N 3 SERENISSIMA",-2.93693009174828,-3.87797262559951,"Veneto","North-East"
"2024","AZIENDA ULSS N 4 VENETO ORIENTALE",0.687247700441879,-4.72262627206134,"Veneto","North-East"
"2024","AZIENDA ULSS N 5 POLESANA",-4.8194041588099,-2.3034839116428,"Veneto","North-East"
"2024","AZIENDA ULSS N 6 EUGANEA",-1.83438474980518,-2.74810350418077,"Veneto","North-East"
"2024","AZIENDA ULSS N 7 PEDEMONTANA",-1.868287517306,-3.27652375166671,"Veneto","North-East"
"2024","AZIENDA ULSS N 8 BERICA",-2.1988507646504,-2.44223277896724,"Veneto","North-East"
"2024","AZIENDA ULSS N 9 SCALIGERA",-1.15529358002251,-2.69065108398815,"Veneto","North-East"
"2024","AZIENDA USL BOLOGNA",-1.85587510166342,-0.642594713112376,"Emilia-Romagna","North-East"
"2024","AZIENDA USL DELLA ROMAGNA",-1.85178569826508,0.288605203642187,"Emilia-Romagna","North-East"
"2024","AZIENDA USL FERRARA",-3.58674851241223,-1.40778635332103,"Emilia-Romagna","North-East"
"2024","AZIENDA USL IMOLA",-2.82113179374255,0.499254358051697,"Emilia-Romagna","North-East"
"2024","AZIENDA USL MODENA",-1.24958843866424,-2.1619831776884,"Emilia-Romagna","North-East"
"2024","AZIENDA USL PARMA",0.602164130735934,-1.93562365882902,"Emilia-Romagna","North-East"
"2024","AZIENDA USL PIACENZA",0.895799471477525,-1.41573811595428,"Emilia-Romagna","North-East"
"2024","AZIENDA USL REGGIO EMILIA",-0.10055279100753,-2.04185932437345,"Emilia-Romagna","North-East"
"2024","AZIENDA USL TOSCANA CENTRO",-1.9830369865273,0.360946519857697,"Toscana","Centre"
"2024","AZIENDA USL TOSCANA NORD OVEST",-0.313903205460047,-0.0873472549851526,"Toscana","Centre"
"2024","AZIENDA USL TOSCANA SUD EST",-3.95794772409987,0.475263412276986,"Toscana","Centre"
"2024","AZIENDA USL VALLE D'AOSTA",4.62252839877462,-1.36258626710451,"Valle d'Aosta","North-West"
"2024","BI",4.27026020925332,-1.4369535057149,"Piemonte","North-West"
"2024","CHIAVARESE",2.15965143490337,0.407244335840027,"Liguria","North-West"
"2024","CN1",4.9210725098498,1.47071947295914,"Piemonte","North-West"
"2024","CN2",5.79425308254877,1.30029131990853,"Piemonte","North-West"
"2024","FROSINONE",-1.88673594414659,2.46430054655793,"Lazio","Centre"
"2024","GENOVESE",3.06724726883371,0.742167090729681,"Liguria","North-West"
"2024","IMPERIESE",2.30757077688775,0.743569108077625,"Liguria","North-West"
"2024","LANCIANO VASTO CHIETI",-0.150910501327723,0.98210544341031,"Abruzzo","South"
"2024","LATINA",-2.44776837520253,3.64042657101268,"Lazio","Centre"
"2024","NO",2.38584344171675,-2.07796776763987,"Piemonte","North-West"
"2024","PESCARA",-1.20970710262383,0.807187175742155,"Abruzzo","South"
"2024","RIETI",-4.43695817654712,1.2147054641371,"Lazio","Centre"
"2024","ROMA 1",-3.97172476320712,3.02852329869767,"Lazio","Centre"
"2024","ROMA 2",-3.42388220970931,3.13900940760909,"Lazio","Centre"
"2024","ROMA 3",-4.0730855433545,3.32456689671306,"Lazio","Centre"
"2024","ROMA 4",-4.94705277230933,2.26473141788817,"Lazio","Centre"
"2024","ROMA 5",-2.51195633768445,2.93442545051804,"Lazio","Centre"
"2024","ROMA 6",-2.74456400808467,3.78929668207114,"Lazio","Centre"
"2024","SAVONESE",3.12492522087226,0.934665372918635,"Liguria","North-West"
"2024","SPEZZINO",0.945144588863362,0.477648065104382,"Liguria","North-West"
"2024","TERAMO",-1.91530964061714,1.37903223873687,"Abruzzo","South"
"2024","TO3",5.72117229974728,0.252660255844552,"Piemonte","North-West"
"2024","TO4",6.17719119684211,-0.78333103196789,"Piemonte","North-West"
"2024","TO5",6.89681422642517,-0.503413658214574,"Piemonte","North-West"
"2024","TRENTO",-1.80352365775098,-3.03569369812355,"Trentino-Alto Adige","North-East"
"2024","VC",4.0985884576235,-2.11088389292356,"Piemonte","North-West"
"2024","VCO",3.71398145509793,-2.06427704411725,"Piemonte","North-West"
"2024","VITERBO",-5.55891368891351,1.72179802174988,"Lazio","Centre"
